Name,Type,Verified
runolfsson.roselyn0,Premium,1
thalia231,Normal,1
lonzo642,Premium,1
bernadette.green3,Normal,1
alia.bashirian4,Premium,1
edare5,Normal,1
roslyn686,Premium,1
dbarrows7,Normal,1
judah.mayert8,Premium,1
bayer.chelsea9,Normal,1
tdach10,Premium,1
kaleb.ullrich11,Normal,1
elena1012,Premium,1
austyn.haley13,Normal,1
emelia2414,Premium,1
gerhold.zora15,Normal,1
hlockman16,Premium,1
donna.howell17,Normal,1
vtowne18,Premium,1
jerry5419,Normal,1
michael2120,Premium,1
preston.rowe21,Normal,1
destin7622,Premium,1
eve.reilly23,Normal,1
brooke.wehner24,Premium,1
lamont.stanton25,Normal,1
nader.priscilla26,Premium,1
dubuque.alvera27,Normal,1
wiley5428,Premium,1
kiehn.deontae29,Normal,1
aziemann30,Premium,1
uwolf31,Normal,1
odell.schowalter32,Premium,1
perry.mckenzie33,Normal,1
bins.osborne34,Premium,1
ethyl5135,Normal,1
connie.effertz36,Premium,1
hermiston.larissa37,Normal,1
bcruickshank38,Premium,1
cfunk39,Normal,1
hansen.delaney40,Premium,1
thomenick41,Normal,1
lowe.citlalli42,Premium,1
greg6643,Normal,1
shany5844,Premium,1
owisozk45,Normal,1
gaufderhar46,Premium,1
delores0147,Normal,1
ncorwin48,Premium,1
camila.hodkiewicz49,Normal,1
omante50,Premium,1
rick.schulist51,Normal,1
shemar2752,Premium,1
lou1853,Normal,1
nschumm54,Premium,1
otho5555,Normal,1
murazik.eleanora56,Premium,1
antwon0257,Normal,1
jeffry3758,Premium,1
augustus5359,Normal,1
chase.ryan60,Premium,1
kari.bernhard61,Normal,1
anastasia7162,Premium,1
zackery0563,Normal,1
eudora.weissnat64,Premium,1
eldon3965,Normal,1
ybartell66,Premium,1
karl.streich67,Normal,1
craig8668,Premium,1
kpacocha69,Normal,1
dulce.rohan70,Premium,1
mkuhn71,Normal,1
prosacco.emmett72,Premium,1
hoeger.mary73,Normal,1
barrows.elisabeth74,Premium,1
deckow.bridie75,Normal,1
dameon9876,Premium,1
altenwerth.josiane77,Normal,1
greg3378,Premium,1
rolando3079,Normal,1
buckridge.raegan80,Premium,1
max.mayert81,Normal,1
rohan.hadley82,Premium,1
johanna.powlowski83,Normal,1
berniece4084,Premium,1
oemmerich85,Normal,1
fisher.joana86,Premium,1
ava.predovic87,Normal,1
hirthe.karina88,Premium,1
keith.weissnat89,Normal,1
janiya1990,Premium,1
elizabeth1491,Normal,1
corene7092,Premium,1
shanahan.kayli93,Normal,1
ihickle94,Premium,1
lebsack.luz95,Normal,1
erik.terry96,Premium,1
qsenger97,Normal,1
lorine.renner98,Premium,1
morissette.sadye99,Normal,1
andjela09,Premium,1
